msr,direction,sigma_score,cliffs_delta,spatial_drift,mean_A,sd_A,mean_B,sd_B,dir_code
MSR122,Up,0.739561301371499,0.427354368064689,0.0528146130471795,-0.00232236053507798,0.481817685327131,0.354011353849258,0.477355630986233,1
MSR207,Up,0.672549549278359,0.432046758294979,0.0600407445123313,0.0008722548630177,0.51687065360733,0.348493379981838,0.502549946529346,1
MSR234,Up,0.659658819304951,0.381093484450419,0.0579361145647954,0.00150477346807641,0.524356025379848,0.347400850065584,0.521459647479952,1
MSR235,Up,0.659610217922286,0.468043842432004,0.0442713635983299,0.00172157339797885,0.523498255375582,0.347026371708203,0.535027346253613,1
MSR212,Up,0.655860209985393,0.378828758024813,0.0633800749821456,-0.00213111501840061,0.542512144394685,0.353681013923923,0.538822678399812,1
MSR004,Up,0.640219127508709,0.391488087662656,0.0587966539373592,-2.42966878906483e-05,0.546791327971095,0.350041970235092,0.513880047408631,1
MSR203,Up,0.589227417295187,0.39131453533622,0.072425084226255,-0.000142705064548163,0.594658685076836,0.350246496115427,0.564441092037638,1
MSR196,Up,0.54899612851535,0.29458846506264,0.0573910341243561,-0.000578799170512297,0.640402588319904,0.350999742508324,0.644135153074637,1
MSR121,Up,0.548808156289995,0.326842056284695,0.054034108204934,0.00169069869735382,0.629343775482618,0.347079695792554,0.623923205983811,1
MSR139,Up,0.547748978758759,0.323281487026698,0.0473647966293846,0.00216403767743443,0.628203979168006,0.346262125718898,0.642696600596741,1
MSR141,Up,0.547012788107429,0.348981046684379,0.0581248768083572,0.00226456562883346,0.628548218082085,0.346088478861871,0.624709965226566,1
MSR290,Up,0.535938245340193,0.304482981071403,0.068333565360429,0.000294040714995034,0.651564005564759,0.349492110584199,0.64905336330976,1
MSR034,Up,0.528186304273453,0.317150638816196,0.049596906082144,0.00116275617734681,0.656641124162238,0.347991604782565,0.78867833120592,1
MSR219,Up,0.526410478092912,0.308206805980081,0.059737402481743,-0.00050716285998014,0.667507939868446,0.350876010896983,0.654186330026266,1
MSR271,Up,0.523986798643412,0.28802612896699,0.0561102762968913,0.00105208405864828,0.662479844058681,0.348182776712743,0.662619421019588,1
MSR193,Up,0.520934043063063,0.331564782513903,0.0419965830644112,0.00431712284596063,0.649268426757475,0.342543149429926,0.63635603803525,1
MSR101,Up,0.501501707037997,0.281466115075259,0.04356551007379,0.00192340434604825,0.687444030543098,0.346677759156493,0.680389334158665,1
MSR248,Up,0.490459890661489,0.302592341657918,0.0412491448518308,-0.00029415655120042,0.715251652249211,0.350508090606397,0.726081418807606,1
MSR049,Up,0.487819574686967,0.270405864486706,0.0504444537008596,-0.00439099906536597,0.74202732774564,0.357584456361618,0.731900640878476,1
MSR256,Up,0.483763965418527,0.311479404270294,0.0416624325762442,-0.000654129738886618,0.727181043440718,0.351129855413177,0.713051002123826,1
MSR153,Up,0.475300239245617,0.26863008575846,0.0509677284909732,-0.000456154331444594,0.738994047295148,0.350787893149026,0.738615137578287,1
MSR083,Up,0.460646972174414,0.277877001569592,0.0586508658892504,-0.00164000005841463,0.769510604140861,0.352832729795177,0.748399061683648,1
MSR146,Up,0.454693048305638,0.297278207850795,0.0432098563403729,-0.0014322008294877,0.778340466508094,0.35247379850671,0.783702444004745,1
MSR056,Up,0.453991592700854,0.275863108530811,0.0586474670514586,-0.00050865371809101,0.773995030870814,0.350878583089497,0.739237056556709,1
MSR008,Up,0.450269928901327,0.258746390984205,0.0551486849774869,-0.00200558134236813,0.789459267406126,0.353464186863081,0.787967089078374,1
MSR007,Up,0.431883862913965,0.278599843531786,0.0387155045108867,0.00167458794322098,0.799828310622425,0.347107528402785,0.838819325684907,1
MSR001,Up,0.428993055750996,0.287392008161144,0.0347740490856709,0.00223006968865004,0.801686617411938,0.346148061446877,0.833676817634387,1
MSR079,Up,0.414681833138897,0.248179384759655,0.0468680335153671,-0.000646156726444302,0.848270206199951,0.351116087377661,0.814172748068818,1
MSR202,Up,0.392156115346726,0.223632881862903,0.0544485829493833,-0.00145604486243355,0.902627868734862,0.352514993744324,0.892552109130701,1
MSR241,Up,0.385345243029699,0.213801224495769,0.0497065330779271,-0.000445688241135578,0.911430766330001,0.350769821915044,0.907637056397676,1
MSR260,Up,0.374067794178512,0.255029674141332,0.0385416969606382,-0.00269580787429172,0.955313993641981,0.35465639047523,0.940746528654779,1
MSR205,Up,0.365886198351876,0.203623040079784,0.0534155468097797,-0.00112105432560313,0.964937780203905,0.351936361719302,0.973165245838531,1
MSR218,Up,0.365296889755092,0.206891984140479,0.0499840356741643,-0.000248032244874115,0.959976575112437,0.350428424881445,0.958272412147542,1
MSR210,Up,0.360538237673532,0.202835748117944,0.0527780848612082,-0.000214379344587884,0.972392464817135,0.350370286247604,0.956940570118715,1
MSR058,Up,0.354990482568834,0.200571611084195,0.0522205699177163,0.00017218464863602,0.984619078067314,0.349702586318232,1.01861157519923,1
MSR055,Up,0.349648011014769,0.202100458199713,0.0594703639051234,-0.00195077744027105,1.01622284689851,0.353369519725558,1.02264625273821,1
MSR167,Up,0.339590870358093,0.241132922192041,0.0339757532377136,0.00234132303288743,1.01184866941682,0.345955893350822,1.00535266332415,1
MSR174,Up,0.329772988109383,0.240788581786982,0.0358893702210157,-0.000732850341725566,1.06739694431056,0.351265829482393,1.0682410463531,1
MSR176,Up,0.324885551649647,0.218685774153445,0.0424383487676053,-0.00141623319119107,1.08919111291218,0.352446222379175,1.0954602090197,1
MSR133,Up,0.308818847477173,0.178816515177144,0.053368171491392,0.00125597727671009,1.12225862778373,0.347830593280194,1.11835683105526,1
MSR074,Stable,0.289196432980554,0.17315461070435,0.0638855918116728,0.00173838582861149,1.19385619570472,0.346997339118152,1.14336231609886,0
MSR052,Stable,0.279628431578716,0.211538366442352,0.0406085004550451,-0.0012298290203867,1.26365574056609,0.352124243769549,1.25835880784427,0
MSR183,Stable,0.24175295359413,0.136969186399177,0.0569679062244155,-0.000845699807231731,1.45729948899182,0.351460755927757,1.45473156368722,0
MSR264,Stable,0.0393071807251701,0.0115818564887527,0.0453799160158319,-0.0108526954261347,0.752998975388512,0.0187455713853294,1.94611016726604,0
MSR217,Stable,0.0391858060142567,0.0171803247158959,0.0503417932503533,-0.00660649962030492,0.561725037273368,0.0154051487236404,0.782120420309477,0
MSR163,Stable,-0.0344204595015126,0.00583617585729646,0.0403500036361851,0.00631749921140253,0.611518695222464,-0.0147312552719201,0.848099988355957,0
MSR211,Stable,-0.0292106663796179,-0.060804204325442,0.0319267800527055,0.00716701010573047,0.817481356450928,-0.0167121650691151,1.09176158560838,0
MSR093,Stable,0.0257954034491682,0.0139123708335218,0.0579565709232164,-0.00517364571528711,0.546994611726169,0.00893630097871052,0.52499335843321,0
MSR027,Stable,-0.0248335108248537,0.0027930985443323,0.0622642462423717,0.0052317010339389,0.701917342976441,-0.0121993709010191,0.941580200813016,0
MSR045,Stable,-0.0240696037166273,-0.0100992707401498,0.0531416659791791,0.00340544027104387,0.385862661387257,-0.00588212107759056,0.38616471009291,0
MSR084,Stable,0.0233469939819233,0.0165202529865531,0.0688790982353553,-0.00517923430106899,0.739121800951117,0.012077037937645,0.995122650876125,0
MSR177,Stable,0.0214776696199991,0.011145930482916,0.0471967775102059,-0.00669578281441673,0.850242357202672,0.0115654416305116,0.888213645591788,0
MSR057,Stable,0.0210272859307549,0.014927722080804,0.0523349522829932,-0.0034681986681465,0.449830707079483,0.00599052023004742,0.430229456470743,0
MSR206,Stable,0.0208508260183982,0.0164497735082023,0.0593919349290815,-0.00274849500554939,0.439190185918984,0.00640898315003532,0.606515581925749,0
MSR297,Stable,-0.0197167339030315,-0.0104505777569678,0.0427727388401768,0.00534670541503592,0.739570787959722,-0.00923521501362123,0.743108983503143,0
MSR254,Stable,-0.0188031834100756,-0.00557201632056703,0.0469398630253967,0.00221737151702787,0.738026289305659,-0.011659872162244,0.932140000286029,0
MSR126,Stable,-0.0187868820506194,-0.00831331910843947,0.042626373681511,0.00375204112389742,0.544680204563669,-0.00648080163454747,0.573029195275779,0
MSR223,Stable,-0.0184867152897619,-0.00782905118242938,0.0602225692144321,0.00355179876160991,0.523983128987988,-0.0061349281606296,0.518008062901973,0
MSR116,Stable,-0.0183452952965583,-0.00970527996499293,0.0562781005091781,0.00503639073544015,0.748726678022663,-0.00869922126929674,0.749770479678749,0
MSR135,Stable,0.0181062922314753,0.00412589035228539,0.0561777721115129,-0.00447905070389626,0.674660194854068,0.00773654394107557,0.540264652762449,0
MSR087,Stable,0.0179913483225308,0.0129599076974629,0.0514687943006028,-0.00488607383608856,0.835529023357757,0.0101462198567249,0.94735428106828,0
MSR002,Stable,-0.0179619997889237,-0.00988204447705376,0.067440100552545,0.00380199345756177,0.577278387635188,-0.0065670808192917,0.539208762150868,0
MSR097,Stable,0.0177934045713348,0.00635250080645022,0.0575308969445923,-0.00173644745604299,0.576208995789424,0.00851627232368076,0.812283687539841,0
MSR160,Stable,0.0174875972102078,0.00886969912824642,0.0488765936610767,-0.000147951223786437,0.480435202557799,0.00825370608414893,0.736403753562622,0
MSR201,Stable,0.0172471946856863,0.0273537763152634,0.052195220351247,-0.00317204217536071,0.612775529962546,0.0073966166885279,0.8129639506266,0
MSR050,Stable,-0.0167666190614247,-0.00957665697987398,0.0537256404044947,0.00536097114317425,0.872019970376018,-0.00925985551407527,0.877848840989432,0
MSR092,Stable,-0.0167547451130378,-0.00741569888474503,0.0462270195367026,0.00408219855131725,0.664484538791959,-0.0070510705276965,0.672137262579527,0
MSR053,Stable,-0.0165479849542455,-0.0272188998825336,0.0547694819060488,0.00245275349027396,0.493844536433775,-0.00571937846836848,0.669984122764534,0
MSR012,Stable,-0.016402740743853,-0.00973614641658382,0.0508934243536782,0.00415556562883346,0.690943331625015,-0.0071777987085057,0.717428516256326,0
MSR029,Stable,-0.0163730045390578,-0.0463158620867611,0.0485992111771997,0.00444746831006484,0.905036130463296,-0.010370692362022,1.18108377096417,0
MSR076,Stable,0.0162938841733922,0.00977002466056787,0.0537044842638243,-0.0033860209708511,0.566752353276463,0.00584857622843306,0.55532799760858,0
MSR221,Stable,0.0151127671886307,0.0045993841951355,0.0600543245535713,-0.00444866937321105,0.802813100937724,0.00768405811724347,0.801398744758954,0
MSR291,Stable,-0.0147238651918982,-0.00337262398239357,0.0521084324378998,0.00501850733103569,0.929568659157152,-0.00866833629300777,0.79095013483276,0
MSR061,Stable,0.0146929883977735,0.0252460992440762,0.0430471416403495,-0.00210111647876628,0.476454356578148,0.0048994218545051,0.601663973986447,0
MSR159,Stable,0.0146899547487902,0.0080192184653356,0.0550219348497565,-0.00448203218645949,0.832114128819942,0.00774168671173444,0.8448056806823,0
MSR185,Stable,-0.0144854185449065,-0.00843278883800747,0.0506145411930812,0.00330484385770197,0.622225778762013,-0.00570835697709616,0.66002312172342,0
MSR134,Stable,-0.0143109231966744,-0.00168012042973098,0.0472975721745808,0.00163028325252643,0.643276505856527,-0.0075755974170114,0.865683208476075,0
MSR010,Stable,-0.0141354098403363,-0.00681968226250374,0.0458841649543529,0.00356561808516853,0.687947075993739,-0.00615879578246393,0.70585413915869,0
MSR128,Stable,-0.0137485496148493,-0.00842054716912177,0.059721721182943,0.00256454687773819,0.621490948664825,-0.00598005226515992,0.829472678939575,0
MSR108,Stable,0.0136990450306436,0.00249448905351679,0.0595603702158821,-0.00320881231380338,0.780431868421785,0.007482358995056,1.08421552714418,0
MSR197,Stable,-0.0135541726802794,-0.0505595777653313,0.0582722866527639,0.115157341024593,0.451767177078578,0.109034010695187,0.622625906349252,0
MSR192,Stable,0.0134308180544277,0.0074361213126164,0.0575009295859515,-0.00295195326829838,0.599426533145474,0.00509883543537484,0.606007606411874,0
MSR242,Stable,0.0133281932719768,0.00616731977866047,0.0522156104001254,-0.000484347975933174,0.524666317299323,0.00650850610432853,0.735982984084041,0
MSR020,Stable,-0.013286959956727,-0.00345778521192131,0.0638607045420192,0.00208037087446697,0.787037615037078,-0.00837696640096862,0.952738670992392,0
MSR258,Stable,0.0132811289522871,0.00747859288988662,0.0622131710600788,-0.00273660406565804,0.561960287638008,0.00472686298052669,0.563840785127936,0
MSR119,Stable,-0.0131568250363256,-0.0318731682474638,0.0525031525688493,0.00241110654827969,0.610585865763901,-0.00562226485722934,0.810753013136306,0
MSR003,Stable,-0.0130959421523876,-0.00761411765366005,0.0500534891567955,0.00694811665401017,0.612016564435814,-0.00106681687014428,0.832237623089756,0
MSR262,Stable,-0.0130672189659586,0.00318875729844681,0.0540730290971106,0.00247388147672177,0.630779178560934,-0.00576864816870144,0.846475788542047,0
MSR239,Stable,0.0130165316453055,0.00392543228754261,0.0532584667996599,-0.00266756580407734,0.55891785128029,0.00460760609423872,0.56308221182932,0
MSR238,Stable,-0.0128475987050527,-0.00981141765073845,0.0612921238079685,0.00305481599392488,0.648472678974887,-0.00527650075673494,0.659650862061824,0
MSR152,Stable,0.0126673181910875,-0.0119505446714558,0.0449947934966348,-0.00142109527425667,0.373783016076666,0.00331373312481082,0.5116096388528,0
MSR129,Stable,0.0126616290292759,-0.000314039769651719,0.0567009516609352,-0.00300739219580583,0.647782590509273,0.00519459065684593,0.80674340251681,0
MSR036,Stable,-0.0122298678240795,0.0129910865267384,0.0516455899101687,0.00201269828845143,0.548325947551297,-0.00469325557461407,0.727313232781126,0
MSR015,Stable,-0.0122250668549047,-0.00526348147086675,0.0527602389326965,0.00160470874466967,0.357991830055647,-0.00277176531127031,0.357233370102389,0
MSR259,Stable,-0.0122204897027619,-0.00886890344923841,0.0616943101821134,0.00229927904667329,0.626879069125005,-0.00536149016244577,0.861416578158883,0
MSR215,Stable,0.0121814091903863,0.00638082108521543,0.0453160869549685,-0.00279654506688475,0.62611273638485,0.00483039037433155,0.625458562669089,0
MSR140,Stable,0.0121542999422029,0.00188928381221287,0.0594478360166574,-0.00216092610549682,0.592368190791095,0.00503889456159822,0.761848475115396,0
MSR113,Stable,0.0120221727754824,-0.00917211609046309,0.0548818700633401,-0.0014507611425901,0.402063552772447,0.00338291635556453,0.533292541981035,0
MSR118,Stable,0.0118873369588271,-0.0486394628650388,0.0328106143998113,-0.00209697961329517,0.587748044367182,0.0048897794369892,0.789811512239103,0
MSR179,Stable,-0.0117932026677406,-0.00864586578242488,0.0446657245702005,0.00244352100005841,0.565083278169829,-0.00422062062354959,0.555528305267169,0
MSR041,Stable,0.0116743901515721,0.0064985580027217,0.0613830713785104,-0.00177456749810152,0.516159932621391,0.00425128493592978,0.828321042459066,0
MSR175,Stable,-0.0115308420603936,-0.00599499928120717,0.0478837343479065,0.0036059450902506,0.852877653283168,-0.00622845242659671,0.805078531604617,0
MSR037,Stable,-0.0114024118364799,-0.00749210175126647,0.0584574768191775,-0.000791374087271453,0.696360156523535,-0.00873155937846837,0.90171800926292,0
MSR170,Stable,-0.0109667383055738,0.00155586483827808,0.067061693344376,0.0020104492084818,0.610796969300459,-0.0046880013116739,0.848878941425846,0
MSR130,Stable,0.0109158954629371,0.00187087121057661,0.0495861622592742,-0.00251381926514399,0.628063292548711,0.00434205398042579,0.611240644921786,0
MSR243,Stable,-0.0109029136751122,0.0213568909801114,0.054137339383404,0.0029041776972954,0.887485676176889,-0.00677200201795984,1.2171167470186,0
MSR035,Stable,-0.0108215017789,-0.000240124136770103,0.0496323579629936,0.00193650458554822,0.488043978068602,-0.00334486419130259,0.480749540807226,0
MSR236,Stable,0.0108108450850386,0.00650820045351463,0.0523943393564182,-0.00296803370523979,0.748751462312154,0.00512660236101302,0.726907765423704,0
MSR284,Stable,-0.0106610933067045,-0.0097489244320601,0.0564038521486413,0.00264597862024651,0.676881625231571,-0.00457031954394108,0.694359433006758,0
MSR065,Stable,-0.010495343691547,-0.00307859406631283,0.0491119760412348,0.00275032028739997,0.714685762024935,-0.00475055241650691,0.650649242543811,0
MSR136,Stable,0.0101615679247569,0.00696667659182904,0.0483044817090555,-0.001957566797126,0.525392907079375,0.00338124891534658,0.507139788384223,0
MSR171,Stable,-0.0100982485844721,-0.0527235122893418,0.0472246774154719,0.00404354997371341,1.33413032420482,-0.00942882968418928,1.85062315051861,0
MSR162,Stable,0.0100944573787593,0.00573763543259753,0.0567965765154843,-0.00300550084701209,0.992008307669598,0.00700828473413379,1.35667913649981,0
MSR059,Stable,-0.0100828405864119,-0.00319862961206419,0.0498588517135485,0.00409566890589403,1.10782302699492,-0.00707433407325194,1.13307969147191,0
MSR295,Stable,-0.00989476455485824,-0.00193444301635448,0.0573733116423207,0.00209312932998423,0.704808719364496,-0.00488078700433862,0.96490664273425,0
MSR281,Stable,0.00984274059774847,0.00627435923394826,0.055907747013963,-0.00212982674221625,0.590142269858591,0.00367879053576834,0.587216259716965,0
MSR115,Stable,-0.00983473005109911,-0.002902554506237,0.0518169562775852,0.00156286073952918,0.861766667056025,-0.00691238179800222,1.0428736945422,0
MSR039,Stable,-0.00971231056036764,-0.00546982756026859,0.0522868965148914,0.00263135860739529,0.738901136163577,-0.00454507870043386,0.706672567233516,0
MSR104,Stable,-0.00949796143432735,-0.00556335815417652,0.0502919343902709,0.00284801705707109,0.715447696269645,-0.00394727757037635,0.907523787017627,0
MSR188,Stable,-0.00949360455894638,0.0146482678253654,0.0941563624103605,0.115323295402769,0.692668674259563,0.108747372918979,0.588439743036331,0
MSR230,Stable,0.00939735967407646,0.00717178495832971,0.0507095387807147,-0.00310700514048718,0.901704929249288,0.00536664039955605,0.905449291625273,0
MSR263,Stable,0.00935323095131919,0.00815720688707455,0.0503776753895161,-0.00166251807932706,0.592223295721199,0.00387668318030471,0.819633090655415,0
MSR102,Stable,-0.00934169008915586,-0.00449536242615944,0.0570869892219118,0.00155025153338396,0.452590970064646,-0.00267771304611038,0.458453436424885,0
MSR276,Stable,-0.00933533962798252,-0.026631859698286,0.0500992153698058,0.00220939155324493,0.788538716820177,-0.00515188517808495,1.0612242754461,0
MSR086,Stable,-0.00922835560903031,-0.000120418650458975,0.0351554780122604,0.000138618318827034,0.533113831321529,-0.00478114569670064,0.761349642402917,0
MSR181,Stable,-0.00920775249070923,-0.00560439161531379,0.0563643117782149,0.0013113335475203,0.38840659690467,-0.00226501826253657,0.414646505465182,0
MSR014,Stable,0.00919841886690991,0.00590999129356251,0.0598808885425056,-0.00231735066300602,0.687080016319873,0.00400269912218747,0.738241446224274,0
MSR095,Stable,-0.00908441503472562,-0.00388609038103704,0.0509804156008321,0.00145761691687599,0.437598237730108,-0.00251770709312885,0.450189419768843,0
MSR085,Stable,0.00904664250053447,0.00247298214462721,0.0527990239606487,-0.00260126520240668,0.784198555554931,0.0044930987791343,0.779813928674539,0
MSR011,Stable,-0.0088771751843981,0.00810232271727984,0.0456958758163956,0.00117368339272154,0.440512384765396,-0.00273682221773787,0.611598493423353,0
MSR237,Stable,-0.00886916090476218,-0.0467472085178629,0.0238360077413665,0.00191763724516619,0.720385531108642,-0.00447157794369892,0.918963482705425,0
MSR094,Stable,-0.00885578534402999,0.00124663450618567,0.0615542204528281,-0.00146044582043344,0.519361709372803,-0.00605980163454747,0.780294977745983,0
MSR025,Stable,0.00881819569090349,-0.00533785682939747,0.0525877862565145,-0.0016737059991822,0.632384432071469,0.00390278367470488,0.694370181472563,0
MSR151,Stable,-0.00874166388439913,-0.00428087094128338,0.0536234013021556,0.00360015474034698,1.12319617449955,-0.006218448693371,1.13065353047516,0
MSR103,Stable,-0.00871660193398212,-0.00723123102110335,0.0488275168731621,0.000111728430398972,0.667808670206275,-0.00570929391585108,0.869664981868559,0
MSR148,Stable,0.0086213317816642,0.000594896777711629,0.0485840782886088,-0.000747189613879315,0.919391481518937,0.00717918938553123,1.06264666138786,0
MSR147,Stable,0.00859939626426254,0.00489528837732389,0.0472048926909825,-0.00309447158128395,0.767207982754535,0.0035030538795278,0.937957995642764,0
MSR040,Stable,-0.00828729628166331,-0.00268034198802425,0.058770867986909,0.00322991576610784,1.06293588541254,-0.00557894884471799,1.05550645950608,0
MSR044,Stable,0.00792613114859152,-0.000644594299157975,0.0632403854355598,-0.00144557801273439,0.607660752466384,0.00337082080516598,0.774706732025937,0
MSR051,Stable,0.00789772991058052,0.00268021821573416,0.0567623406289303,-0.00279351235469361,0.9646664406756,0.00482516264756331,0.956307012598506,0
MSR274,Stable,0.00787373384748533,0.00266339107819502,0.0572699902027011,-0.00222711168876687,0.771418915433566,0.00384683553627283,0.802842780078562,0
MSR224,Stable,-0.00757859349443879,-0.00101450252300683,0.0526488818674716,0.00302857719492961,1.08988094815483,-0.00523118746846938,1.06474389147835,0
MSR233,Stable,0.00750879157937851,0.00575768654359865,0.048919221461289,-0.000791858344529471,0.73119505711175,0.00469853294319443,0.920974400358171,0
MSR199,Stable,0.00747746741922753,0.00382435158393668,0.0362910257814381,-0.00227764197675098,0.830728716341837,0.00393410493391181,0.82247251048472,0
MSR227,Stable,-0.00746635356774864,-0.00345087164542979,0.0527820147429743,0.00136707769145394,0.499359828029584,-0.00236131934214509,0.498503032675114,0
MSR112,Stable,0.00733772999562166,0.00626863034509095,0.0571954101048473,-0.00237232583678953,0.881740030789607,0.00409764443547573,0.884956151726817,0
MSR005,Stable,-0.00733299846164943,-0.00453646072040104,0.0524443862824494,0.00191243396226415,0.711267975482448,-0.00330329300776915,0.733365415982075,0
MSR285,Stable,-0.00732339075180132,-0.0179911216250236,0.0499712824892734,0.00128985483965185,0.586826465619334,-0.00300770467157704,0.781952981435933,0
MSR209,Stable,-0.00730836843065278,0.0207775836170376,0.140388300560019,0.11448383562124,0.586519381514115,0.110197335889416,0.515839905033869,0
MSR198,Stable,0.00719534687053219,0.00294828542048053,0.050670350807246,-0.00273938495239208,1.03831761747953,0.0047316704671577,1.03801064207038,0
MSR222,Stable,0.00719515163944973,0.00512163842637814,0.0604641119144479,-0.00191050429347509,0.724163564525307,0.00329996236504894,0.689444013409727,0
MSR088,Stable,-0.00718598953129752,-0.019067192021492,0.069218179680006,0.115024826216485,0.801827846254654,0.109262899707396,0.819920569570627,0
MSR063,Stable,-0.00718054609569525,0.000699272181802435,0.0476416311011733,-1.48373736783688e-05,0.759904443661223,-0.00547136625971143,0.946379642762694,0
MSR142,Stable,0.0071136388001101,0.00280701408609407,0.0522554472047889,-0.00271100747707226,1.03936424217052,0.00468265432347896,1.04282642683755,0
MSR240,Stable,-0.00690074568008143,-0.00321952944734039,0.0466867852958291,0.00144930959752322,0.572788473426637,-0.00250335798607608,0.582363555408627,0
MSR038,Stable,-0.00677050629658602,-0.000441702046042547,0.0587600708898273,0.00129117489339331,0.520106727154287,-0.00223021097770154,0.530629457540293,0
MSR047,Stable,0.00676472062911367,0.0048957716786473,0.0460164886108007,-0.00350047952567323,0.680785026157249,0.0011048409847644,0.872578347034087,0
MSR078,Stable,0.00672889168847099,0.0023766401515577,0.0498659709398701,-0.0020166260295578,1.41484918531618,0.00750374089395622,1.51898186805991,0
MSR275,Stable,-0.00669970487868285,-0.00430668041073468,0.0527456437619033,0.00140173351247152,0.570608969730798,-0.0024211781858541,0.564446528187112,0
MSR006,Stable,0.0066981720656697,0.00336122514386461,0.0404055535243102,-0.00165039219580583,0.671984997438975,0.00285067894258904,0.677624486636773,0
MSR266,Stable,-0.00666987409681773,-0.00157244443123683,0.0470617427897922,0.00178003060926456,0.505156836118474,-0.00158930188679245,0.738799182959874,0
MSR099,Stable,0.00656124639605016,0.0221288116023013,0.084762032283693,0.111422933582569,0.619001302456541,0.115484353647462,0.666784725954476,0
MSR186,Stable,0.00654968603030971,0.069417512101644,0.0477346764153949,-0.00204393720427595,1.03974869580991,0.00476609030370296,1.40288475288316,0
MSR257,Stable,-0.00647445292376617,0.0416252812894744,0.0569618046703446,0.00130505193060342,0.671593679716557,-0.00304314973262032,0.902834923803264,0
MSR132,Stable,-0.00646627316616253,-0.00470880479352864,0.0486485568343641,0.000989343010689877,0.417274177416421,-0.00170886580567047,0.421137479921124,0
MSR089,Stable,-0.00646092168507179,0.0421853155387995,0.101305809968617,0.115094775103686,0.921337657446691,0.109142084653415,0.787955128607281,0
MSR250,Stable,-0.0064236462173694,-0.00195686348262369,0.0524607114571515,0.0030021783398563,1.27462859372285,-0.00518558480476238,1.27596210734963,0
MSR168,Stable,-0.00638025928174494,-0.003968151409393,0.0490359897993472,0.0019734215199486,0.843548648525915,-0.00340863757441227,0.837910821747938,0
MSR110,Stable,0.0062328523575209,0.00754961460874681,0.0568234350728932,-0.00166188130147789,0.727180046976394,0.00287052456866108,0.723335345149571,0
MSR030,Stable,-0.00613917855619148,-0.0130394107651562,0.0522191510695555,0.00131082294526549,0.711402425760981,-0.00305660357178892,0.968530382597167,0
MSR098,Stable,-0.00613053248744779,-0.000136114155631084,0.0517776260622452,0.00145133348910567,0.645651350797583,-0.00250685309252346,0.719711739298468,0
MSR150,Stable,-0.00604407231407144,-0.00414257014185993,0.0529963130478963,0.00318121222033997,1.43546013381898,-0.00549481263242862,1.42857469897846,0
MSR249,Stable,0.00602736546161349,0.00239184646148782,0.0490090527027108,-0.0017748707284304,0.803096620837903,0.00306568610634648,0.828703691481901,0
MSR283,Stable,0.00602633000425024,0.000908795093317538,0.0423374886446779,-0.001052638997605,0.476382620019592,0.00181819987892241,0.475114893927651,0
MSR184,Stable,-0.00595528053811812,-0.00164188657991815,0.0502473137081683,0.00145353864127578,0.66566151018753,-0.00251066239531834,0.638228431334873,0
MSR220,Stable,0.00584286617177677,0.0031188259545234,0.0454336158487495,-0.00113379344587885,0.529219134384559,0.00195836313187368,0.538011338933097,0
MSR232,Stable,0.00579790968390578,0.00299247212805698,0.0481758663709719,-0.0015859820667095,0.746029417787723,0.00273942911916053,0.752212790487181,0
MSR106,Stable,-0.00564602154030127,0.000624177765205181,0.0519249992843113,0.001825967579882,0.882020999741137,-0.00315394198365452,0.875773358217417,0
MSR013,Stable,0.00558553807841082,0.0334026047548399,0.0718214489401994,0.110553137508032,1.15182890618412,0.116986721723338,1.04760646247785,0
MSR204,Stable,-0.00556150058566652,-0.00294034041823799,0.026429882034607,0.00152541702202231,0.748041290641014,-0.00263481505398043,0.747442204458066,0
MSR252,Stable,-0.00555102578630383,-0.00322399703762222,0.0477629613866227,0.00267638360885565,1.3149326773112,-0.00462284159015235,1.31185277218522,0
MSR031,Stable,0.00550910110523632,0.00419536197055947,0.0349050427780743,-0.00115888848647701,0.573705706791112,0.00200171425688629,0.56945522759399,0
MSR018,Stable,-0.00543306010274797,-0.00419454271587727,0.0504991126009771,0.00100216951924762,0.503065882708316,-0.00173101765714862,0.491071446476456,0
MSR048,Stable,-0.00541657581201858,0.000209640789886612,0.123935938114307,0.114068136047666,0.582058117033275,0.110915374129755,0.566741704299958,0
MSR032,Stable,0.00537431936377953,0.00314398709293129,0.0485601483547413,-0.00139166756235761,0.706222256866461,0.00240379638785189,0.693394383353456,0
MSR137,Stable,0.00526968576514785,0.00292074903288597,0.0437547736107208,-0.00150796436707752,0.780430966569508,0.0026046615881344,0.769937659729532,0
MSR190,Stable,-0.00525098793803612,-0.0295447757133823,0.0488970147848973,0.00072199468426894,0.4581139131516,-0.00168355594793664,0.623918495046321,0
MSR228,Stable,0.00524097028650107,0.0473478813357806,0.0397567824033513,-0.0014881026929143,0.946025299366339,0.00346998779134295,1.30350990230564,0
MSR288,Stable,0.00517628803942007,0.00209986762907199,0.0437665315569744,-0.0011887083941819,0.626305434905678,0.00205322893754414,0.61834162687382,0
MSR117,Stable,-0.00507966782367621,-0.00343791681239625,0.0597467337250107,0.00120682896197208,0.64794622952123,-0.00208452265159923,0.637039013681966,0
MSR072,Stable,-0.00505513538519453,-0.0146047058731584,0.0570152780221476,0.00138840171739003,0.915090767770319,-0.00323750600343053,1.24281944799267,0
MSR067,Stable,0.00487555537473975,-0.0120487373549587,0.0672683886273776,-0.00152793288159355,1.04414632744155,0.00356286035717889,1.4023386802407,0
MSR124,Stable,0.00479530566882831,-0.00356885021359765,0.0919580325831525,-0.000746697587475904,0.518809417681171,0.00174115215417213,0.688296483717704,0
MSR169,Stable,0.00473742702289726,0.000889380525522787,0.0508472052878177,-0.00113508902389158,0.653454264188608,0.00196060286550298,0.651824842787544,0
MSR161,Stable,-0.00472013600547219,-0.00300494365976711,0.0520620098961303,0.00193051434079094,1.11544201168487,-0.00333452366057916,1.10956285775783,0
MSR195,Stable,0.00450815398481484,0.00204974574548822,0.050765623314218,-0.000245819089900111,0.918925857775624,0.00389684017758047,1.06522240489622,0
MSR071,Stable,-0.00446551338174144,0.000927101604419445,0.0495813415260517,0.00155776289502891,0.639546746738475,-0.00129814166078095,0.843249909680141,0
MSR225,Stable,0.00445656880447014,0.00707827204617728,0.0620121779070848,0.00126910870962089,0.596459523996952,0.00392727161739481,0.813727750982497,0
MSR009,Stable,-0.00443366977571547,-0.0386233788916933,0.0530786223336885,0.11487877136515,1.20974128710932,0.109515177984058,1.31867149058819,0
MSR178,Stable,0.00436481581625386,-0.0428388627002767,0.0753042222539696,0.112151532975057,0.475239001845442,0.114225863686813,0.610147424739819,0
MSR245,Stable,-0.00433076518836774,-0.00404021635184137,0.0516980405297738,0.00113128891874525,0.712421629253663,-0.00195404187266673,0.707090870597071,0
MSR120,Stable,-0.00429600588228787,-0.00509745567845432,0.162184989692375,0.113576218003388,0.421593219057578,0.111765051054384,0.410516974093228,0
MSR294,Stable,-0.00428863601938864,-0.000485411346214049,0.0517737500689577,0.000311047374262514,0.623713101072402,-0.00236383109676117,0.825723231974524,0
MSR282,Stable,-0.00424410452010069,-0.000597643343768772,0.0528789678076257,0.00083526368362638,0.536743828656025,-0.00144273322570881,0.533262194349467,0
MSR068,Stable,-0.0042016828991888,-0.00299438765159465,0.0488990266600562,0.0010865386996904,0.705262690934601,-0.00187675148824538,0.681838931584977,0
MSR267,Stable,-0.00415092847246828,0.00607116639098559,0.0707537260038686,-0.00100701279280332,0.40559776864938,-0.00269062011905963,0.68249358291987,0
MSR293,Stable,0.00413422598296048,-0.0663822442307953,0.0400743082556759,-0.00134700578304807,1.08556364416186,0.00314095964080314,1.4798952623892,0
MSR272,Stable,-0.00408802927787286,-0.0112286280544783,0.0497795211728049,0.00051357661078334,0.342625451864529,-0.000887086267783271,0.347031774388519,0
MSR080,Stable,-0.00404848016150537,-0.00297942299232612,0.0617415439023627,0.000760092587183831,0.512036968663932,-0.00131287892240944,0.515538181600973,0
MSR251,Stable,0.0039974290178226,0.00372876401244504,0.0534737791589093,-0.00201461609907121,1.37448553197781,0.00347979225103421,1.36418632386285,0
MSR028,Stable,0.00398499923517777,0.00366190340010086,0.0632167681565662,-0.000868638530287983,0.594482841580029,0.00150037513873474,0.560015993708925,0
MSR296,Stable,-0.00395793519071577,-0.00204040388454263,0.0563052214489265,0.00152823511887377,1.05305413393861,-0.00263968489557058,1.02273232953081,0
MSR024,Stable,-0.00387424681689362,-0.000928303963809385,0.0524974966730759,0.000670340674104795,0.471885118145795,-0.00115785874281102,0.469504863388246,0
MSR157,Stable,0.00382278355936056,0.0035972647950604,0.0398793219168672,-0.00166167977101466,1.18548585543487,0.00287017606699627,1.1825729758932,0
MSR164,Stable,0.00377714516864154,-0.00115234949069976,0.0334460245055323,-0.00132885098428647,0.959491489644138,0.00229528766017556,0.963616848672077,0
MSR261,Stable,-0.00375674817819566,-0.00272342653282653,0.054446214725019,0.0015190693965769,1.10279397602701,-0.00262384986378771,1.11416081947124,0
MSR066,Stable,0.00366361267399964,0.00158450928256526,0.0520676772116846,-0.00093224896314037,1.53381133161012,0.00468704167087075,1.62377002250136,0
MSR062,Stable,0.00366256979649413,0.0117075855598501,0.0525829039677604,-0.000675535428471289,0.614531212507668,0.00157522802946221,0.756374752720561,0
MSR247,Stable,0.00365299419981086,-0.0797765749848575,0.0356232638293922,-0.000955113966937324,0.871139442830248,0.00222715336494804,1.17131507577017,0
MSR280,Stable,-0.00362938221326395,-0.00460495394819138,0.0589092213048178,0.000930875109527426,0.699497209768554,-0.00160786762183432,0.701168250304614,0
MSR145,Stable,-0.00355990729286362,-0.00320101664908812,0.0503734847731141,0.00120486097318769,0.923053865527113,-0.00208112521440824,0.932150282552361,0
MSR156,Stable,0.00354868868189981,0.00787604339524872,0.0494885046214316,-0.000421188270342894,0.395448573553947,0.000982135606901422,0.527887506730421,0
MSR091,Stable,-0.0034547980288111,-0.00339793246876585,0.0448311414397901,0.000578318476546528,0.456535825444331,-0.000998920593280193,0.465897242288938,0
MSR125,Stable,-0.00334876948919868,-0.00276038729622663,0.0409143836220095,0.00155481920672936,1.26626278303348,-0.00268560296640097,1.27457423465219,0
MSR208,Stable,0.00330027275851266,-0.00143157977723218,0.0463892710091715,-0.000974894152695837,0.805633962549359,0.00168391766723842,0.81461494690067,0
MSR200,Stable,0.00328336378864824,-0.000109591522031938,0.0472895608368167,-0.00100159764004907,0.831961126795845,0.00173003339723539,0.831945201500974,0
MSR277,Stable,0.00289333935063339,0.00273401790451056,0.0590844146466389,-0.000534727320521058,0.504036887313359,0.00092362243971345,0.486485006977678,0
MSR077,Stable,0.002884669314738,0.00509334172328724,0.0672503108542772,-0.000647144868275015,0.611836052625301,0.00111779981838361,0.602235903549333,0
MSR138,Stable,-0.00280355918317041,0.0193283279779912,0.0547347933905166,0.000513537823470998,0.610300279154811,-0.00119747512864494,0.81800894894656,0
MSR069,Stable,-0.00262455426896683,-0.00183469433834715,0.0447962683951173,0.000786197383024709,0.816968787441464,-0.00135798153566744,0.803931395841346,0
MSR173,Stable,0.00257363712961857,0.00145137155581576,0.0386030684532744,-0.00102443542262983,1.08558704278451,0.00176947169811321,1.09563402432664,0
MSR107,Stable,0.00256642579620167,0.00520942834359151,0.0578745737070757,-0.00196097482329575,0.608425268553442,-0.000399496519019272,0.823404491748883,0
MSR042,Stable,-0.00256639829297505,0.00189805396305642,0.050011413102994,-0.000987791635025411,0.807529310084578,-0.00306023347795379,0.983574654228688,0
MSR123,Stable,0.00250611748483701,-0.00223085407554069,0.0587687109536497,-0.000536566855540628,0.583917343062434,0.000926798607607708,0.633738829309805,0
MSR111,Stable,-0.00243842151990364,-0.000989023112995757,0.052171753453826,0.000483514516034814,0.540788618565321,-0.000835156089193826,0.541988479921203,0
MSR054,Stable,0.00239513375176802,-0.0019982741545499,0.0494323119134189,-0.000647492902622817,0.737282136970583,0.00111839642821108,0.728395891281374,0
MSR189,Stable,-0.0023333124884114,-0.00196316408158315,0.0500587073009999,0.000590420935802325,0.690106827911909,-0.00101981394410251,0.716586940260606,0
MSR165,Stable,-0.00226578805991405,0.000165831293099439,0.0471512351507202,0.000896235819849289,1.0787768964881,-0.00154804399152457,1.09572271737371,0
MSR253,Stable,-0.00225892813742415,0.000970645874870835,0.0502514115606785,0.000993319294351303,1.19926699910021,-0.00171573867420038,1.19744280769558,0
MSR127,Stable,-0.00222623562206175,0.00155086090140566,0.0635863772730749,0.113604319352766,0.847981258574802,0.111716513268086,0.816696826988513,0
MSR096,Stable,-0.00220625480095213,-0.0128641374144955,0.0534491394176717,0.00050636567556516,0.764700489283427,-0.00118075845020684,1.02117404838039,0
MSR166,Stable,0.00213379478003708,0.00135001973195537,0.0537345352271473,-0.00142766177930954,1.82473741189371,0.00246595338512764,1.82439549712521,0
MSR017,Stable,0.00211114993294457,0.00130746563982509,0.0511396683318142,-0.00129118517436766,1.66800888047114,0.00223023166178993,1.67028791052565,0
MSR172,Stable,0.00204787743176569,-0.000107298787705212,0.056689875448324,-0.000547072258893628,0.728565886813732,0.000944941378266571,0.724025714968803,0
MSR180,Stable,0.00203958973811867,-0.00323753536859495,0.0567602073758836,-0.000611878439161167,0.818180483691909,0.00105687407930582,0.836209598415861,0
MSR016,Stable,-0.00202771015805029,-0.000841910905298837,0.054600465374256,0.000402583270050821,0.541474261021464,-0.000695369589345173,0.543449050456859,0
MSR298,Stable,-0.00194348200826554,-0.00156043851909427,0.050733031294044,0.000391195163268875,1.77468306194673,-0.00305786943799818,1.85423703139304,0
MSR144,Stable,0.00189452984858972,0.00165788267493783,0.0474237697519818,-0.000521314212278755,0.750455893077774,0.000900446877207144,0.739803070288102,0
MSR022,Stable,0.00188919486161835,0.00155662515377464,0.0528294695476516,-0.000678978970734271,0.980187595946902,0.00117278639895066,0.971945174199178,0
MSR114,Stable,-0.00188296598469359,-0.00347406421503271,0.0382448145595152,0.000348209124364741,0.504342640924607,-0.000601450913126829,0.521904290172324,0
MSR278,Stable,0.0018725718206968,-0.00162224804321753,0.0574335255669151,-0.000477695893451721,0.695730843945064,0.000825110079709413,0.696360193939358,0
MSR244,Stable,-0.00184872626810404,-0.000149122033931914,0.0512843893972904,0.00125166680296746,1.84648111882921,-0.00216197134497024,1.85614386705837,0
MSR229,Stable,-0.00183787886343367,0.0110411601862805,0.045087041387326,0.000287016940241836,0.520319174816795,-0.0006692666733932,0.665911175693395,0
MSR100,Stable,-0.0017938620171964,0.00778449905190137,0.0551128012904135,0.000331729306618378,0.616133856104744,-0.000773529815356675,0.835282020233768,0
MSR226,Stable,0.00176224966817854,0.00448064531147119,0.0292679081246594,-0.000417441672994918,0.646037865570239,0.000721038341237009,0.667881227883679,0
MSR231,Stable,0.00176097348718476,0.00183819532598228,0.0586752171109886,-0.000295444535311642,0.457564889877598,0.000510315104429423,0.46488500551986,0
MSR287,Stable,-0.00174542746188475,-0.00328274761800373,0.0524643893822073,0.00058474870027455,0.913685004194186,-0.00101002219755827,0.94301548804777,0
MSR064,Stable,-0.0016692048721919,-0.014081974234511,0.0608097462959151,0.000691789240025704,1.38084828923542,-0.0016131294521239,1.86567242500239,0
MSR073,Stable,0.00161476803737521,0.00112884454341233,0.0483352436588093,0.000931854489164086,0.498983948647516,0.00173759782060337,0.741660891500309,0
MSR033,Stable,0.00157534926345777,0.00137868775191685,0.0421161504727664,-0.00220682580758222,1.13637193053372,-0.000416643123801835,1.24868944546201,0
MSR105,Stable,0.00150498262157417,-0.00070426433083759,0.0568734141136977,-0.000344341491909575,0.624004135361328,0.000594773887599637,0.588363703767282,0
MSR131,Stable,0.00148705224295643,0.000707346850253643,0.0481759033642032,-0.000679080144868274,1.24544155499985,0.00117295651296539,1.24257461084404,0
MSR046,Stable,-0.0014548972598774,-0.000714961793055968,0.0576055008741021,0.000324667328699107,0.60860598240178,-0.000560791847442235,0.602291049949463,0
MSR187,Stable,0.00144674226294814,-0.000614659086702329,0.0592487309610766,0.000188749693323208,0.627381232159009,0.00109640863686813,0.852466251796349,0
MSR191,Stable,0.00144400248835453,3.70904296087549e-05,0.0533802788942496,-0.000501656171505344,0.947470363604351,0.000866493391181513,0.963055037029592,0
MSR026,Stable,-0.00144177391269891,0.0433958674754529,0.0382766072478015,0.000353028915240376,0.815824124434702,-0.000823205024720007,1.08418329275474,0
MSR214,Stable,-0.00143217443507496,-0.0019842466283353,0.0423145142847846,-0.00090474414393364,0.765179928634191,-0.00200061527595601,0.949302410515699,0
MSR270,Stable,0.00142930088416024,-0.00120152245339267,0.0503149909630293,-0.000572188796074536,1.09180067468174,0.00098832287357482,1.09297440984099,0
MSR023,Stable,0.00141329589678681,0.000882396232008365,0.0512143650326153,-0.000549838074653894,1.06103732452838,0.000949721622439715,1.0626934647082,0
MSR109,Stable,0.00139590944090906,0.000185959025041926,0.0548298181099393,-0.000501223494362988,0.979271026381381,0.000865750176571487,0.975866066898363,0
MSR154,Stable,0.00137112347314913,-0.000152287068208024,0.0503779699521205,-0.000512350195689,1.01910656672078,0.000884970739582282,1.00788479741534,0
MSR194,Stable,0.00132834679191336,0.00127797836518129,0.0573528864547008,-0.000712713885156845,1.46329219363679,0.00123104560589244,1.47014883822804,0
MSR060,Stable,0.00121383907066854,-0.00116696051485354,0.0602099609141656,-0.000333918745253811,0.797873667839528,0.000634571486227425,0.968335397175628,0
MSR286,Stable,0.00120453036979685,0.00709149799946562,0.0452540245823538,-0.000480885390501779,1.08880664144565,0.000830615275956009,0.790489808082745,0
MSR019,Stable,-0.00115565765528547,-0.00169246818915114,0.0333089267290764,0.000309593843098313,0.730619953286279,-0.00053475269902129,0.752112945902251,0
MSR246,Stable,0.00111860877971193,0.00612610360604737,0.0553821097729497,-0.000223262982650856,0.54433330731615,0.000385633034002623,0.537848320184548,0
MSR082,Stable,-0.000951535117374597,-0.00369149676527902,0.0662922203970845,0.000172597523219815,0.49469992583638,-0.000298126828776109,0.479496294844452,0
MSR021,Stable,-0.000942909622754622,-0.00247999001381583,0.058431272030382,0.000219747239908873,0.635589643985887,-0.000379556351528605,0.662801301859617,0
MSR269,Stable,-0.000919312133758311,0.000292114392543175,0.0502451445109194,0.000253731409544949,0.752730573546816,-0.000438262940167491,0.739237242354593,0
MSR149,Stable,0.000859156815670566,0.0347528013043525,0.055978950962056,-0.000599347975933162,2.32427080733625,0.0013975651296539,3.13104323157975,0
MSR182,Stable,0.000836046087169521,0.00189400484099367,0.053755557592815,-0.000249235936678545,0.813035899658193,0.000430499545959038,0.809044011805898,0
MSR255,Stable,-0.000777221774362868,0.0015582518753019,0.0515363413060218,0.00178942829604533,0.857718971810158,0.00112279043487035,1.04393510770552,0
MSR292,Stable,-0.000722156051493067,0.00142084695150224,0.0347759899701838,0.000216003271219114,0.815743045426394,-0.000373090505498941,0.826735495739546,0
MSR273,Stable,0.000714249165506205,0.0385368325912998,0.0364860779775894,-0.000153604124072667,0.716540797268634,0.000358184542427606,1.02677252550174,0
MSR299,Stable,-0.000597933756733859,0.00274977234886853,0.0593086948481998,0.000145210584730416,0.662333725317072,-0.000250821107859954,0.660076202367038,0
MSR075,Stable,-0.000569685707736772,-0.00289090812312764,0.056126089892316,0.000147423097143526,0.705764592176347,-0.00025464090404601,0.704066652007798,0
MSR158,Stable,0.000567202250277381,5.89981249610183e-06,0.0481970333504722,-0.000284890589403585,1.36985071232784,0.000492091817172841,1.37441992653774,0
MSR070,Stable,-0.000548325816256309,-0.000765979552263651,0.0457717459823636,0.000149499737134179,0.743580411457543,-0.00025822459893048,0.742626787597245,0
MSR143,Stable,0.000544130149959764,0.000267566221667348,0.0635719522997943,-0.000155624043460483,0.780025633838847,0.000268811421652709,0.773960709546426,0
MSR289,Stable,-0.000536070059452853,0.000660743636060612,0.0522367658445435,-0.00151434079093405,1.34392986590657,-0.00223478135405105,1.44453825421643,0
MSR279,Stable,0.000490078573027814,-0.00494585819871984,0.0552180759951389,-9.41148431567271e-05,0.639833898846084,0.000219454040964584,0.869116219766172,0
MSR213,Stable,-0.000337330736755683,0.00166794948786819,0.0489789658836166,0.00117708265669723,0.989382681350411,0.000843333467863986,1.16784086538039,0
MSR155,Stable,0.000335709910042647,0.00792821046857895,0.0549450913390267,-7.99089315964714e-05,0.793060781276771,0.000186329431944305,1.05890011338717,0
MSR090,Stable,0.000245682777312164,-0.0233837860032742,0.0420677088333928,-3.79324142765355e-05,0.514383860955068,8.84428412874594e-05,0.667510775982418,0
MSR216,Stable,-0.00023013642548321,0.00513348520271917,0.0458615111726318,7.26748057713651e-05,0.861217240836388,-0.000125522651599234,0.855272576745328,0
MSR081,Stable,-0.000221147790290557,-0.00337466917214002,0.0501733678330503,3.40402476780187e-05,0.419784505430066,-5.87941680960547e-05,0.414363694243989,0
MSR000,Stable,-0.000205368821753586,0.0908173520664306,0.035960743148022,8.28793737951991e-05,1.34459000696043,-0.00019325749167591,1.75156896418815,0
MSR043,Stable,-0.000108895661038154,-0.000118243794503869,0.0557294449904556,4.7151761201005e-05,1.18092889830696,-8.14462718191902e-05,1.18426392593899,0
MSR265,Stable,-4.79883508512094e-05,0.000837083785983905,0.0571358039888694,2.05120626204781e-05,1.16582511989403,-3.54339622641498e-05,1.17204093180498,0
MSR268,Stable,3.05813758817401e-05,0.00204900311174727,0.0516033493249757,-8.91839476604933e-06,0.795221244748665,1.54005650287548e-05,0.795215364515297,0
